ic,rank_ic,directional_accuracy,top_decile_return,sharpe,model_name,n_obs
-0.009116237943710859,-0.009116237943710859,0.5023586101952828,0.0011950805301165508,0.20824611374775837,Random Forest,98575
