ic,rank_ic,directional_accuracy,top_decile_return,sharpe,model_name,n_obs
-0.004948944392411164,-0.004948944392411164,0.494598021810804,0.0021471681705147764,0.3353729395814295,LightGBM,98575
