ic,rank_ic,directional_accuracy,top_decile_return,sharpe,model_name,n_obs
-0.005207454391264842,-0.005207454391264842,0.4959168146081664,0.0017048874700312377,0.26471368277091234,XGBoost,98575
